дата,подразделение,доход,расход,валовая прибыль,EBITDA,отток,приток,ARPU,"операционные расходы, тенге","операционная прибыль, тенге"
2023-02-01,Дивизион по корпоративному бизнесу,11650.24827543998,3627.752340189999,8400.78732257998,8255.62284136998,287500.0,279364.0,6163.759352412826,3489.088634379999,8161.15964105998
2023-02-01,Дивизион по розничному бизнесу,10592.90398561006,3331.55136877,7427.472784320063,7507.430722700068,287500.0,279364.0,6163.759352412826,3332.24024843,7260.663737180063
2023-02-01,Дивизион информационных технологий,979.3401167600005,1493.86475619,-428.1105079299996,10.45214987000031,287500.0,279364.0,6163.759352412826,1492.7697096,-513.4295928399996
2023-02-01,Дирекция управления проектами (ДУП),0.0,55.69538247,-23.55246306,-55.43182147,287500.0,279364.0,6163.759352412826,55.69538247,-55.69538247
2023-02-01,Дирекция телеком-комплектации,0.0,91.21417930000004,-67.48968429,-87.93618520999999,287500.0,279364.0,6163.759352412826,91.14909021,-91.14909021
2023-02-01,Корпоративный университет,0.0,68.29789797,-62.44845418,-67.76105297,287500.0,279364.0,6163.759352412826,68.29789797,-68.29789797
2023-02-01,"Обьединение ""Дивизион Сеть""",31.39778504,6750.938937549998,-6494.899561179998,-4590.469849079998,287500.0,279364.0,6163.759352412826,6691.367599229998,-6659.969814189999
2023-02-01,Сервисная Фабрика,0.0,1191.29380624,-886.0508344699997,-957.6504076099998,287500.0,279364.0,6163.759352412826,1139.20854366,-1139.20854366
2023-02-01,"Центральный аппарат Акционерного Общества ""Казахтелеком""",0.0,2879.97611528,-377.61781998,-952.40432988,287500.0,279364.0,6163.759352412826,952.98026388,-952.98026388
2023-03-01,Дивизион по корпоративному бизнесу,11698.23568165997,3250.24308918,8795.103800259973,8722.096340679997,37845.0,24313.0,7457.293635523148,3070.773299990001,8627.462381669973
2023-03-01,Дивизион по розничному бизнесу,10876.96370175999,3301.770443579999,8002.458991659984,7842.444654139981,37845.0,24313.0,7457.293635523148,3300.083312159999,7576.880389599986
2023-03-01,Дивизион информационных технологий,1109.7660872,1523.24052439,-253.4337791300001,141.3737673399997,37845.0,24313.0,7457.293635523148,1522.90820086,-413.1421136600002
2023-03-01,Дирекция управления проектами (ДУП),0.0,36.88988509,-30.28662114,-36.62626909000001,37845.0,24313.0,7457.293635523148,36.88988509000001,-36.88988509000001
2023-03-01,Дирекция телеком-комплектации,0.0,102.20546393,-69.40160857,-99.14236182999998,37845.0,24313.0,7457.293635523148,102.1215896,-102.1215896
2023-03-01,Корпоративный университет,0.0,74.80455614999998,-68.71404473,-74.24829815,37845.0,24313.0,7457.293635523148,74.80455615,-74.80455615
2023-03-01,"Обьединение ""Дивизион Сеть""",28.19978608,7490.430118830002,-6823.798686270001,-5191.462865850001,37845.0,24313.0,7457.293635523148,7480.50994667,-7452.310160590001
2023-03-01,Сервисная Фабрика,0.0,1607.79519965,-1297.42344572,-1399.025133039999,37845.0,24313.0,7457.293635523148,1600.39908603,-1600.39908603
2023-03-01,"Центральный аппарат Акционерного Общества ""Казахтелеком""",0.0,5061.722890409999,-376.6595471299999,-893.37779297,37845.0,24313.0,7457.293635523148,893.9537339699999,-893.9537339699999
2023-04-01,Дивизион по корпоративному бизнесу,11870.83977410001,4459.039681,7799.915443870012,7679.486508450012,38428.0,24864.0,7968.678072255703,4181.25567069,7689.584103410012
2023-04-01,Дивизион по розничному бизнесу,13291.76740452997,4272.26559687,9416.91381525997,9283.174038319972,38428.0,24864.0,7968.678072255703,4109.24115701,9182.52624751997
2023-04-01,Дивизион информационных технологий,1122.0139037,1708.41741429,-487.6491119799998,-33.24711869999969,38428.0,24864.0,7968.678072255703,1705.2718048,-583.2579010999998
2023-04-01,Дирекция управления проектами (ДУП),0.0,69.87934525,-61.09282556999999,-69.60559425000001,38428.0,24864.0,7968.678072255703,69.87934524999999,-69.87934524999999
2023-04-01,Дирекция телеком-комплектации,0.0,128.56703252,-90.79874893,-124.86577945,38428.0,24864.0,7968.678072255703,127.84447745,-127.84447745
2023-04-01,Корпоративный университет,0.0,76.83340648,-68.52206661,-76.03965917999999,38428.0,24864.0,7968.678072255703,76.59591517999999,-76.59591517999999
2023-04-01,"Обьединение ""Дивизион Сеть""",28.15762256,7925.08579177,-7582.02782402,-5575.90260994,38428.0,24864.0,7968.678072255703,7878.23209619,-7850.074473629999
2023-04-01,Сервисная Фабрика,0.0,1973.6617182,-1675.28633271,-1740.02671573,38428.0,24864.0,7968.678072255703,1981.42209519,-1981.42209519
2023-04-01,"Центральный аппарат Акционерного Общества ""Казахтелеком""",310.6889999999999,4404.893797639999,-1668.34020183,-2213.58016668,38428.0,24864.0,7968.678072255703,2779.8215881,-2469.1325881
2023-05-01,Дивизион по корпоративному бизнесу,11581.79118396993,3569.61017286,8350.587924219926,8250.942745339926,38835.0,30862.0,8262.27902328955,3425.63008647,8156.161097499927
2023-05-01,Дивизион по розничному бизнесу,11119.44376128999,3809.836549540001,7662.574352569989,7587.79080276999,38835.0,30862.0,8262.27902328955,3806.517401670001,7312.926359619988
2023-05-01,Дивизион информационных технологий,1127.73939188,1573.40252561,-352.1287092200002,63.39435970999972,38835.0,30862.0,8262.27902328955,1573.19152297,-445.4521310900003
2023-05-01,Дирекция управления проектами (ДУП),0.0,97.86348642,-80.31170044999999,-97.53457942,38835.0,30862.0,8262.27902328955,97.86348642,-97.86348642
2023-05-01,Дирекция телеком-комплектации,0.0,124.76461445,-75.93985795,-119.19187897,38835.0,30862.0,8262.27902328955,122.17036598,-122.17036598
2023-05-01,Корпоративный университет,0.0,75.49674317,-69.67788539,-73.86740077,38835.0,30862.0,8262.27902328955,74.42365877,-74.42365877
2023-05-01,"Обьединение ""Дивизион Сеть""",26.85055344,7025.160142920001,-6846.76924267,-4926.611176160001,38835.0,30862.0,8262.27902328955,7006.535240950001,-6979.684687510001
2023-05-01,Сервисная Фабрика,0.0,1553.953658480001,-1284.88163466,-1319.03011552,38835.0,30862.0,8262.27902328955,1547.18321624,-1547.18321624
2023-05-01,"Центральный аппарат Акционерного Общества ""Казахтелеком""",0.0,1777.71704553,-378.01679108,-896.6222189800002,38835.0,30862.0,8262.27902328955,897.19815998,-897.19815998
2023-06-01,Дивизион по корпоративному бизнесу,11558.75878822008,3637.56861656,8212.554267620084,8167.854304460083,20435.0,15036.0,7953.79694313833,3485.83648449,8072.922303730084
2023-06-01,Дивизион по розничному бизнесу,12675.25411764998,3757.912360559999,9107.381641209984,9192.582592839974,20435.0,15036.0,7953.79694313833,3756.54026757,8918.713850079985
2023-06-01,Дивизион информационных технологий,1143.008221459998,1669.46609813,-366.2625063200023,9.379922859997578,20435.0,15036.0,7953.79694313833,1669.1488176,-526.1405961400023
2023-06-01,Дирекция управления проектами (ДУП),0.0,84.14770223999999,-74.91066251999999,-83.81474823999999,20435.0,15036.0,7953.79694313833,84.14770223999999,-84.14770223999999
2023-06-01,Дирекция телеком-комплектации,0.0,86.07407466000002,-81.33180785000002,-83.04446211000003,20435.0,15036.0,7953.79694313833,86.00749313000001,-86.00749313000001
2023-06-01,Корпоративный университет,0.0,93.62740443,-86.85715307000001,-92.75772306,20435.0,15036.0,7953.79694313833,93.31398006,-93.31398006
2023-06-01,"Обьединение ""Дивизион Сеть""",28.3473584,8036.183290179996,-7248.523813729997,-5951.401610559996,20435.0,15036.0,7953.79694313833,8010.650625929997,-7982.303267529996
2023-06-01,Сервисная Фабрика,0.0,1948.06268795,-1442.29595993,-1576.29228771,20435.0,15036.0,7953.79694313833,1796.76450113,-1796.76450113
2023-06-01,"Центральный аппарат Акционерного Общества ""Казахтелеком""",0.0,3006.53188159,-381.91696691,-725.24999387,20435.0,15036.0,7953.79694313833,725.82592787,-725.82592787
2023-07-01,Дивизион по корпоративному бизнесу,11728.8435269799,6033.272941020001,7731.187627449897,5951.468479559901,29756.0,16691.0,8223.046331127016,4196.30830764,7532.535219339898
2023-07-01,Дивизион по розничному бизнесу,11738.88981186001,4735.763181459999,7717.10670265001,7280.66852442001,29756.0,16691.0,8223.046331127016,4446.71111141,7292.178700450011
2023-07-01,Дивизион информационных технологий,1113.905238850001,2104.958773769999,-887.2989092799987,-440.9873775699987,29756.0,16691.0,8223.046331127016,2103.535648709999,-989.6304098599988
2023-07-01,Дирекция управления проектами (ДУП),0.0,81.64057736,-68.83906196000001,-81.36713236000001,29756.0,16691.0,8223.046331127016,79.58168704,-79.58168704
2023-07-01,Дирекция телеком-комплектации,0.0,118.97393284,-81.69721136999999,-117.38125192,29756.0,16691.0,8223.046331127016,120.30793792,-120.30793792
2023-07-01,Корпоративный университет,0.0,92.26862987,-85.08585158000001,-91.06802958,29756.0,16691.0,8223.046331127016,92.07047558,-92.07047558
2023-07-01,"Обьединение ""Дивизион Сеть""",26.977044,8066.990324139999,-7735.428899799998,-5980.025480739999,29756.0,16691.0,8223.046331127016,7998.55548321,-7971.578439209998
2023-07-01,Сервисная Фабрика,0.0,1904.631673169999,-1464.92972624,-1598.14646217,29756.0,16691.0,8223.046331127016,1838.49258757,-1838.49258757
2023-07-01,"Центральный аппарат Акционерного Общества ""Казахтелеком""",315.331,3263.14212258,-588.03657782,-1347.82856138,29756.0,16691.0,8223.046331127016,1819.78585156,-1504.45485156
2023-08-01,Дивизион по корпоративному бизнесу,11547.59345390996,4097.92396778,7886.65659484996,7697.133662049987,29437.0,15009.0,8070.674127924527,3946.58415993,7601.009293979961
2023-08-01,Дивизион по розничному бизнесу,12218.49178858008,4128.92046698,8536.557547480075,8371.480109370086,29437.0,15009.0,8070.674127924527,4126.91861844,8091.573170140075
2023-08-01,Дивизион информационных технологий,1183.693826,1831.48088711,-524.6248793900002,-99.71368322000012,29437.0,15009.0,8070.674127924527,1831.36117796,-647.6673519600001
2023-08-01,Дирекция управления проектами (ДУП),0.0,105.43417557,-90.74452160999998,-105.18207771,29437.0,15009.0,8070.674127924527,105.43417557,-105.43417557
2023-08-01,Дирекция телеком-комплектации,0.0,162.63001986,-124.68224682,-159.70318399,29437.0,15009.0,8070.674127924527,162.63001986,-162.63001986
2023-08-01,Корпоративный университет,0.0,117.17565704,-106.95437516,-115.93443104,29437.0,15009.0,8070.674127924527,117.17565704,-117.17565704
2023-08-01,"Обьединение ""Дивизион Сеть""",27.06137104,8143.851860040001,-7826.419597380002,-5930.55199548,29437.0,15009.0,8070.674127924527,8088.730692230002,-8061.669321190001
2023-08-01,Сервисная Фабрика,0.0,1682.03109756,-1296.93371714,-1402.40573867,29437.0,15009.0,8070.674127924527,1632.59573604,-1632.59573604
2023-08-01,"Центральный аппарат Акционерного Общества ""Казахтелеком""",0.0,3279.98258108,-395.8258135,-981.93789666,29437.0,15009.0,8070.674127924527,982.50012466,-982.50012466
2023-09-01,Дивизион по корпоративному бизнесу,11696.44497653991,3819.14576941,8391.18585489991,8217.693768679906,173365.0,122270.0,7736.249544114442,3575.53184291,8120.91313362991
2023-09-01,Дивизион по розничному бизнесу,12046.51704536998,4544.08787913,7951.697929819982,7789.837891269983,173365.0,122270.0,7736.249544114442,4543.054735889999,7503.462309479982
2023-09-01,Дивизион информационных технологий,1152.250913430001,1783.98168953,-485.9465833899994,-66.86720286999935,173365.0,122270.0,7736.249544114442,1783.94723105,-631.6963176199994
2023-09-01,Дирекция управления проектами (ДУП),0.0,85.98876262,-68.14801546999999,-85.74087261999999,173365.0,122270.0,7736.249544114442,85.98876261999999,-85.98876261999999
2023-09-01,Дирекция телеком-комплектации,0.0,142.25253365,-109.72924937,-139.30152165,173365.0,122270.0,7736.249544114442,142.25253365,-142.25253365
2023-09-01,Корпоративный университет,0.0,89.94259032,-81.79682062,-88.46948696999999,173365.0,122270.0,7736.249544114442,89.73518097,-89.73518097
2023-09-01,"Обьединение ""Дивизион Сеть""",26.91379872,8157.706428020003,-7342.577146550002,-6039.270572760002,173365.0,122270.0,7736.249544114442,8142.607776890002,-8115.693978170002
2023-09-01,Сервисная Фабрика,0.0,1700.3665515,-1290.94302254,-1419.54536203,173365.0,122270.0,7736.249544114442,1652.039134,-1652.039134
2023-09-01,"Центральный аппарат Акционерного Общества ""Казахтелеком""",0.0,-62.46268798999977,-577.24314834,-1215.65816491,173365.0,122270.0,7736.249544114442,1216.22039891,-1216.22039891
2023-10-01,Дивизион по корпоративному бизнесу,11797.75176852999,3095.73407857,7998.310036369991,9068.19764574,37744.0,17095.0,8136.451082602591,4123.94059298,7673.811175549991
2023-10-01,Дивизион по розничному бизнесу,11868.19819356002,4220.80352153,8342.200683990024,7948.135370010034,37744.0,17095.0,8136.451082602591,4046.15505543,7822.043138130024
2023-10-01,Дивизион информационных технологий,1177.839193929999,1944.90523063,-685.8067193900007,-178.0368562500007,37744.0,17095.0,8136.451082602591,1945.39997452,-767.5607805900006
2023-10-01,Дирекция управления проектами (ДУП),0.0,39.92525972999997,-29.26268239999997,-39.68228172999997,37744.0,17095.0,8136.451082602591,39.92525972999997,-39.92525972999997
2023-10-01,Дирекция телеком-комплектации,0.0,135.95888153,-103.65813365,-132.73017932,37744.0,17095.0,8136.451082602591,135.94510196,-135.94510196
2023-10-01,Корпоративный университет,0.0,88.22587515999997,-80.36992587999998,-86.91352730999998,37744.0,17095.0,8136.451082602591,88.22587505999998,-88.22587505999998
2023-10-01,"Обьединение ""Дивизион Сеть""",26.59757232,7429.49770217,-7259.470717740001,-5297.221163020001,37744.0,17095.0,8136.451082602591,7403.490484320001,-7376.892912000001
2023-10-01,Сервисная Фабрика,0.0,1882.56044287,-1385.4164366,-1462.91767736,37744.0,17095.0,8136.451082602591,1676.50145133,-1676.50145133
2023-10-01,"Центральный аппарат Акционерного Общества ""Казахтелеком""",0.0,3386.891595709999,-1779.98917371,-2431.87148445,37744.0,17095.0,8136.451082602591,2756.97686181,-2756.97686181
2023-11-01,Дивизион по корпоративному бизнесу,12022.51776424016,3853.779745849999,8699.028488080156,8421.512238060144,45111.0,21973.0,8363.318497496211,3697.39463659,8325.123127650155
2023-11-01,Дивизион по розничному бизнесу,12203.81745401008,4414.84486826,8449.85647562008,8088.472140310078,45111.0,21973.0,8363.318497496211,4415.30736702,7788.51008699008
2023-11-01,Дивизион информационных технологий,1170.476685229999,1907.73370708,-603.4525020300009,-147.5013862400009,45111.0,21973.0,8363.318497496211,1907.27493122,-736.7982459900009
2023-11-01,Дирекция управления проектами (ДУП),0.0,38.77267319,-22.06806986,-38.53605418999999,45111.0,21973.0,8363.318497496211,38.77267318999999,-38.77267318999999
2023-11-01,Дирекция телеком-комплектации,0.0,140.06661327,-112.92452371,-136.84833032,45111.0,21973.0,8363.318497496211,140.06661327,-140.06661327
2023-11-01,Корпоративный университет,0.0,106.41649323,-98.00542331,-105.15521423,45111.0,21973.0,8363.318497496211,106.41649323,-106.41649323
2023-11-01,"Обьединение ""Дивизион Сеть""",26.88084831999999,8115.88157228,-7838.1150025,-5928.594797760002,45111.0,21973.0,8363.318497496211,8071.781251830001,-8044.900403510001
2023-11-01,Сервисная Фабрика,0.0,1746.376251009999,-1338.37272379,-1436.17571142,45111.0,21973.0,8363.318497496211,1651.25764943,-1651.25764943
2023-11-01,"Центральный аппарат Акционерного Общества ""Казахтелеком""",0.0,2994.39192742,-666.40617974,-1627.06891143,45111.0,21973.0,8363.318497496211,1627.63114543,-1627.63114543
2023-12-01,Дивизион по корпоративному бизнесу,11977.71301411996,7872.186905269999,8815.084340909963,4410.886516139963,26661.0,20208.0,8577.475848992319,3734.72656184,8242.986452279963
2023-12-01,Дивизион по розничному бизнесу,12007.21972819994,4432.45688369,8100.518803869939,7888.535548589939,26661.0,20208.0,8577.475848992319,4427.69724809,7579.522480109939
2023-12-01,Дивизион информационных технологий,1145.98556565,1844.83996796,-554.2944489500003,-140.46299579,26661.0,20208.0,8577.475848992319,1873.96632142,-727.9807557700002
2023-12-01,Дирекция управления проектами (ДУП),0.0,-306.06503023,342.49171651,308.61393448,26661.0,20208.0,8577.475848992319,-308.37776848,308.37776848
2023-12-01,Дирекция телеком-комплектации,0.0,126.06777058,-101.31205214,-122.06009789,26661.0,20208.0,8577.475848992319,125.26418089,-125.26418089
2023-12-01,Корпоративный университет,0.0,92.72416776,-86.20966825,-91.46978424,26661.0,20208.0,8577.475848992319,92.71678124,-92.71678124
2023-12-01,"Обьединение ""Дивизион Сеть""",30.40687375999999,8246.73615133,-7339.524023519999,-6066.130965369996,26661.0,20208.0,8577.475848992319,8212.216369029999,-8181.809495269998
2023-12-01,Сервисная Фабрика,0.0,1882.7509085,-1424.83868549,-1606.71085567,26661.0,20208.0,8577.475848992319,1812.91100215,-1812.91100215
2023-12-01,"Центральный аппарат Акционерного Общества ""Казахтелеком""",0.0,4411.26346476,-627.1527500799999,-1609.17005886,26661.0,20208.0,8577.475848992319,1609.73228686,-1609.73228686
2024-01-01,Дивизион по корпоративному бизнесу,12114.85265011001,4461.14608437,7928.378733040006,7985.621522140008,52223.0,20264.0,9287.363644162466,4708.839878199999,7406.012771910007
2024-01-01,Дивизион по розничному бизнесу,12697.02169352997,5269.157142569999,8268.066191869973,7772.50829061997,52223.0,20264.0,9287.363644162466,5315.557945979999,7381.463747549972
2024-01-01,Дивизион информационных технологий,1103.868375889999,3559.55138268,-2227.19117756,-1800.07631469,52223.0,20264.0,9287.363644162466,3500.07833003,-2396.20995414
2024-01-01,Дирекция управления проектами (ДУП),0.0,75.67636525999995,-49.71287990999996,-75.30045053999997,52223.0,20264.0,9287.363644162466,75.52866253999997,-75.52866253999997
2024-01-01,Дирекция телеком-комплектации,0.0,268.16243036,-193.82152238,-260.27786531,52223.0,20264.0,9287.363644162466,263.45732939,-263.45732939
2024-01-01,Корпоративный университет,0.0,946.8288652700002,-152.98917,-941.51260661,52223.0,20264.0,9287.363644162466,942.75248461,-942.75248461
2024-01-01,"Обьединение ""Дивизион Сеть""",27.31211216,10710.36443157,-9526.739548549998,-8248.744401609996,52223.0,20264.0,9287.363644162466,10480.20189979,-10452.88978763
2024-01-01,Сервисная Фабрика,0.0,3258.24426312,-2482.95476998,-2989.07412015,52223.0,20264.0,9287.363644162466,3170.34284138,-3170.34284138
2024-01-01,"Центральный аппарат Акционерного Общества ""Казахтелеком""",324.373,11261.53098256,-6132.78410588,-8821.685397179997,52223.0,20264.0,9287.363644162466,9134.1856389,-8809.812638899999
2024-02-01,Дивизион по корпоративному бизнесу,11700.81829086002,3522.47722773,8488.35005644002,8431.617390990015,52172.0,22229.0,7342.414800271195,3367.61572464,8333.20256622002
2024-02-01,Дивизион по розничному бизнесу,11584.70077577998,3854.54262082,8000.341442029976,8068.340366949965,52172.0,22229.0,7342.414800271195,3854.23792574,7730.462850039977
2024-02-01,Дивизион информационных технологий,1060.555968399999,1653.02047314,-488.5514707000009,-28.68683636000083,52172.0,22229.0,7342.414800271195,1652.82505045,-592.2690820500009
2024-02-01,Дирекция управления проектами (ДУП),0.0,33.43436934,-16.36635626999999,-33.21717656,52172.0,22229.0,7342.414800271195,33.42018706,-33.42018706
2024-02-01,Дирекция телеком-комплектации,0.0,75.22612054999999,-62.17605215999999,-71.69064895,52172.0,22229.0,7342.414800271195,74.76876994999999,-74.76876994999999
2024-02-01,Корпоративный университет,0.0,97.43151758,-89.62641228,-96.19165608,52172.0,22229.0,7342.414800271195,97.43151758,-97.43151758
2024-02-01,"Обьединение ""Дивизион Сеть""",28.30533335,7299.301812230001,-7105.12366342,-5191.09374133,52172.0,22229.0,7342.414800271195,7271.635739710001,-7243.33040636
2024-02-01,Сервисная Фабрика,0.0,1327.79521057,-1002.11615746,-1082.38679294,52172.0,22229.0,7342.414800271195,1315.71206907,-1315.71206907
2024-02-01,"Центральный аппарат Акционерного Общества ""Казахтелеком""",0.0,3711.25453022,-528.84493029,-1174.11009958,52172.0,22229.0,7342.414800271195,1174.67232758,-1174.67232758
2024-03-01,Дивизион по корпоративному бизнесу,11620.73597086995,3652.06352993,8293.065063549948,8196.563543109944,38904.0,17392.0,8367.7710196152,3523.099304249999,8097.636666619947
2024-03-01,Дивизион по розничному бизнесу,11635.58069235999,4152.825289539999,7998.669494029987,7815.513124119998,38904.0,17392.0,8367.7710196152,4152.74396738,7482.836724979988
2024-03-01,Дивизион информационных технологий,1133.915540969999,1854.47830414,-539.5662623900009,-113.336031300001,38904.0,17392.0,8367.7710196152,1849.90158658,-715.9860456100009
2024-03-01,Дирекция управления проектами (ДУП),0.0,37.37710517,-22.12707736999999,-37.06685085999999,38904.0,17392.0,8367.7710196152,37.26359285999999,-37.26359285999999
2024-03-01,Дирекция телеком-комплектации,0.0,100.9830035,-70.08543323999999,-97.93619049999998,38904.0,17392.0,8367.7710196152,100.9830035,-100.9830035
2024-03-01,Корпоративный университет,0.0,109.39516129,-94.17174967,-108.15897929,38904.0,17392.0,8367.7710196152,109.39516129,-109.39516129
2024-03-01,"Обьединение ""Дивизион Сеть""",28.30533336,8013.245023150002,-7273.73938354,-5905.19288606,38904.0,17392.0,8367.7710196152,8006.039794849999,-7977.734461489999
2024-03-01,Сервисная Фабрика,0.0,1781.270931679999,-1372.90082657,-1531.95673235,38904.0,17392.0,8367.7710196152,1759.96004131,-1759.96004131
2024-03-01,"Центральный аппарат Акционерного Общества ""Казахтелеком""",0.0,1768.11113272,-456.29665775,-910.3883018,38904.0,17392.0,8367.7710196152,910.9505358,-910.9505358
2024-04-01,Дивизион по корпоративному бизнесу,11544.76183054002,4001.24026065,7255.639436660017,7774.029022259992,35682.0,15822.0,8461.25593943774,4482.144295019999,7062.617535520017
2024-04-01,Дивизион по розничному бизнесу,11759.52706329,5005.284477570001,7460.195406909998,7086.797937450001,35682.0,15822.0,8461.25593943774,4860.42242027,6899.104643019998
2024-04-01,Дивизион информационных технологий,1179.99848483,2272.64894841,-966.1901249399996,-494.9189409699995,35682.0,15822.0,8461.25593943774,2264.806835879999,-1084.80835105
2024-04-01,Дирекция управления проектами (ДУП),0.0,34.38410163999997,-18.22245050999997,-33.45219170999997,35682.0,15822.0,8461.25593943774,33.63299614999998,-33.63299614999998
2024-04-01,Дирекция телеком-комплектации,0.0,120.21083507,-84.31879642,-116.23490965,35682.0,15822.0,8461.25593943774,119.28246865,-119.28246865
2024-04-01,Корпоративный университет,0.0,125.68410455,-111.74839049,-124.44793755,35682.0,15822.0,8461.25593943774,125.68410455,-125.68410455
2024-04-01,"Обьединение ""Дивизион Сеть""",32.77063224,8450.19235572,-8207.63086009,-6363.533123419998,35682.0,15822.0,8461.25593943774,8433.0745103,-8400.30387806
2024-04-01,Сервисная Фабрика,0.0,2114.36053417,-1734.81624208,-1837.3922656,35682.0,15822.0,8461.25593943774,2087.51801855,-2087.51801855
2024-04-01,"Центральный аппарат Акционерного Общества ""Казахтелеком""",402.339,5173.348508159999,-1916.98846271,-2801.79104777,35682.0,15822.0,8461.25593943774,3211.65150674,-2809.31250674
2024-05-01,Дивизион по корпоративному бизнесу,11681.58197992003,3864.34129212,8196.852856700032,8055.428583300049,45834.0,16905.0,8452.500825458557,3725.42249524,7956.159484680032
2024-05-01,Дивизион по розничному бизнесу,11801.73779671997,4286.72437893,7977.251154939971,7869.519228009995,45834.0,16905.0,8452.500825458557,4279.91765976,7521.82013695997
2024-05-01,Дивизион информационных технологий,1086.2462213,1686.0215232,-489.54390375,5.133357069999988,45834.0,16905.0,8452.500825458557,1673.96113551,-587.71491421
2024-05-01,Дирекция управления проектами (ДУП),0.0,35.81278299,-19.51336541,-35.58378627999999,45834.0,16905.0,8452.500825458557,35.74876227999999,-35.74876227999999
2024-05-01,Дирекция телеком-комплектации,0.0,94.54327792,-73.46449736,-90.72018298,45834.0,16905.0,8452.500825458557,94.42254698,-94.42254698
2024-05-01,Корпоративный университет,0.0,118.53147253,-107.18064422,-117.29529444,45834.0,16905.0,8452.500825458557,118.53147253,-118.53147253
2024-05-01,"Обьединение ""Дивизион Сеть""",30.43482408000001,7906.534184939998,-7650.755616259999,-5798.044943239999,45834.0,16905.0,8452.500825458557,7844.358096929998,-7813.923272849998
2024-05-01,Сервисная Фабрика,0.0,1801.42757693,-1444.63956707,-1491.65473559,45834.0,16905.0,8452.500825458557,1744.7474762,-1744.7474762
2024-05-01,"Центральный аппарат Акционерного Общества ""Казахтелеком""",0.0,3825.246771629999,-532.74593752,-2044.94103765,45834.0,16905.0,8452.500825458557,2045.53019065,-2045.53019065
2024-06-01,Дивизион по корпоративному бизнесу,11934.11070269995,3510.750968249999,8795.01757476995,8662.476304370015,399961.0,373242.0,7484.35412487602,3377.919569279999,8556.19113341995
2024-06-01,Дивизион по розничному бизнесу,11864.66613767996,4707.144496010001,7644.920783659959,7526.988768829955,399961.0,373242.0,7484.35412487602,4707.91594234,7156.750195339959
2024-06-01,Дивизион информационных технологий,1093.929855520001,1757.73065804,-482.338436949999,-72.16628874999913,399961.0,373242.0,7484.35412487602,1753.84601792,-659.916162399999
2024-06-01,Дирекция управления проектами (ДУП),0.0,32.45342471999999,-18.09389741,-31.74464354999999,399961.0,373242.0,7484.35412487602,31.90960055,-31.90960055
2024-06-01,Дирекция телеком-комплектации,0.0,100.77765121,-72.55178512999997,-96.64049450999995,399961.0,373242.0,7484.35412487602,100.35376151,-100.35376151
2024-06-01,Корпоративный университет,0.0,119.22396456,-107.75675997,-118.11591056,399961.0,373242.0,7484.35412487602,119.22396456,-119.22396456
2024-06-01,"Обьединение ""Дивизион Сеть""",31.80536136,8953.695855889999,-8148.737152240002,-6778.103966670002,399961.0,373242.0,7484.35412487602,8838.345840090002,-8806.540478730001
2024-06-01,Сервисная Фабрика,0.0,1711.61129951,-1291.21742586,-1416.25067875,399961.0,373242.0,7484.35412487602,1668.72494044,-1668.72494044
2024-06-01,"Центральный аппарат Акционерного Общества ""Казахтелеком""",0.0,2293.6749728,-330.49159597,-1482.74309198,399961.0,373242.0,7484.35412487602,1483.33224398,-1483.33224398
2024-07-01,Дивизион по корпоративному бизнесу,11756.03496795988,6009.063989910001,7886.081535869883,6051.721870539882,29203.0,12988.0,8893.824746356631,4750.625224899999,7005.409743059883
2024-07-01,Дивизион по розничному бизнесу,11973.10937975001,5344.95323653,7297.401905760006,7012.722448300006,29203.0,12988.0,8893.824746356631,5229.821517350001,6743.287862400007
2024-07-01,Дивизион информационных технологий,1149.8749638,2228.76966985,-795.9304901899998,-470.5468563099997,29203.0,12988.0,8893.824746356631,2224.67899074,-1074.80402694
2024-07-01,Дирекция управления проектами (ДУП),0.0,36.66251696999998,-18.46294318999998,-36.46453101999997,29203.0,12988.0,8893.824746356631,36.59061401999998,-36.59061401999998
2024-07-01,Дирекция телеком-комплектации,0.0,125.40249913,-85.53071205999998,-121.10462802,29203.0,12988.0,8893.824746356631,125.26348876,-125.26348876
2024-07-01,Корпоративный университет,0.0,135.76789357,-123.12426948,-134.56451555,29203.0,12988.0,8893.824746356631,135.66839555,-135.66839555
2024-07-01,"Обьединение ""Дивизион Сеть""",28.83586392,9192.771241150003,-8899.308288700002,-7073.583619590001,29203.0,12988.0,8893.824746356631,9115.43714646,-9086.60128254
2024-07-01,Сервисная Фабрика,0.0,1780.754239249999,-1361.14025961,-1495.3260897,29203.0,12988.0,8893.824746356631,1734.23610445,-1734.23610445
2024-07-01,"Центральный аппарат Акционерного Общества ""Казахтелеком""",407.372,2779.946290619999,-930.67653127,-1629.74954898,29203.0,12988.0,8893.824746356631,2253.6526011,-1846.2806011
2024-08-01,Дивизион по корпоративному бизнесу,11705.61860332003,3933.446035530001,8192.822282380033,8005.384875930033,31371.0,13282.0,9105.294862974686,3809.23924309,7896.379360230033
2024-08-01,Дивизион по розничному бизнесу,12378.67329077,4750.588624909999,8118.714986970001,8030.470341399999,31371.0,13282.0,9105.294862974686,4747.96020671,7630.71308406
2024-08-01,Дивизион информационных технологий,1186.9635345,2664.397607580001,-1205.30952017,-784.0684601199996,31371.0,13282.0,9105.294862974686,2572.19457814,-1385.23104364
2024-08-01,Дирекция управления проектами (ДУП),0.0,54.5973071,-26.49874451999999,-53.44472905999999,31371.0,13282.0,9105.294862974686,54.51270005999999,-54.51270005999999
2024-08-01,Дирекция телеком-комплектации,0.0,126.21942119,-89.19258389999999,-122.06084419,31371.0,13282.0,9105.294862974686,126.21942119,-126.21942119
2024-08-01,Корпоративный университет,0.0,165.19456412,-147.11382401,-164.09096512,31371.0,13282.0,9105.294862974686,165.19456412,-165.19456412
2024-08-01,"Обьединение ""Дивизион Сеть""",31.12009272,8717.06064159,-8343.46711023,-6635.616452880001,31371.0,13282.0,9105.294862974686,8664.992312150001,-8633.87221943
2024-08-01,Сервисная Фабрика,0.0,1785.03507387,-1389.77929718,-1496.83251963,31371.0,13282.0,9105.294862974686,1750.49482848,-1750.49482848
2024-08-01,"Центральный аппарат Акционерного Общества ""Казахтелеком""",0.0,2699.17055787,-499.61576347,-1587.23834309,31371.0,13282.0,9105.294862974686,1587.82749509,-1587.82749509
2024-09-01,Дивизион по корпоративному бизнесу,12693.17743036,3817.309995199999,9344.056790039996,9147.015000099997,86716.0,30492.0,8819.782745212684,3656.913100309999,9036.264330049997
2024-09-01,Дивизион по розничному бизнесу,12375.96609405,4310.48991135,8494.427938309997,8524.1896047,86716.0,30492.0,8819.782745212684,4264.8789459,8111.087148149997
2024-09-01,Дивизион информационных технологий,1210.166261979999,2023.22249502,-627.1742789000003,-204.6184793600003,86716.0,30492.0,8819.782745212684,2021.80705834,-811.6407963600004
2024-09-01,Дирекция управления проектами (ДУП),0.0,41.41058732999998,-16.43974014999999,-40.34425224999999,86716.0,30492.0,8819.782745212684,41.36497924999999,-41.36497924999999
2024-09-01,Дирекция телеком-комплектации,0.0,107.20583612,-80.51224180999999,-102.09295705,86716.0,30492.0,8819.782745212684,106.25164184,-106.25164184
2024-09-01,Корпоративный университет,0.0,129.41948399,-118.03578609,-128.31587499,86716.0,30492.0,8819.782745212684,129.41948399,-129.41948399
2024-09-01,"Обьединение ""Дивизион Сеть""",30.77377415999999,8974.889193809999,-8005.965366679999,-6851.807942789998,86716.0,30492.0,8819.782745212684,8930.76694471,-8899.993170549998
2024-09-01,Сервисная Фабрика,0.0,1861.90241839,-1405.60774274,-1580.1629901,86716.0,30492.0,8819.782745212684,1829.73759574,-1829.73759574
2024-09-01,"Центральный аппарат Акционерного Общества ""Казахтелеком""",0.0,2194.341898799999,-493.0504206,-1066.77471948,86716.0,30492.0,8819.782745212684,1067.36387248,-1067.36387248
2024-10-01,Дивизион по корпоративному бизнесу,11930.47455544996,3175.486341089999,9257.269260109955,8987.809235949957,37615.0,18501.0,9184.152157148856,3036.06839994,8894.406155509958
2024-10-01,Дивизион по розничному бизнесу,12391.78045264003,5482.835438850001,7604.444756410025,7319.884430540024,37615.0,18501.0,9184.152157148856,5264.369231410001,7127.411221230023
2024-10-01,Дивизион информационных технологий,1265.11258599,2250.090379369999,-1024.73088276,-371.2209477300001,37615.0,18501.0,9184.152157148856,2234.86701409,-969.7544281
2024-10-01,Дирекция управления проектами (ДУП),0.0,295.42200951,-16.57460470999999,-294.4046415100001,37615.0,18501.0,9184.152157148856,295.42200951,-295.42200951
2024-10-01,Дирекция телеком-комплектации,0.0,130.57587025,-88.05589097,-126.43763733,37615.0,18501.0,9184.152157148856,130.56664583,-130.56664583
2024-10-01,Корпоративный университет,0.0,142.79714956,-130.17853925,-141.68846408,37615.0,18501.0,9184.152157148856,142.79714956,-142.79714956
2024-10-01,"Обьединение ""Дивизион Сеть""",32.21799624,9111.930460079995,-8807.009067229996,-6849.419021909995,37615.0,18501.0,9184.152157148856,9038.362575539995,-9006.144579299995
2024-10-01,Сервисная Фабрика,0.0,1988.52071856,-1556.03068442,-1700.72003386,37615.0,18501.0,9184.152157148856,1964.3672553,-1964.3672553
2024-10-01,"Центральный аппарат Акционерного Общества ""Казахтелеком""",400.653,4131.241579709999,-1024.46781863,-1718.72328753,37615.0,18501.0,9184.152157148856,2605.443173449999,-2204.79017345
2024-11-01,Дивизион по корпоративному бизнесу,12082.16472257001,4160.48841355,8591.071331830011,8184.725304210011,72749.0,16835.0,9210.07576274137,4016.070990479999,8066.093732090011
2024-11-01,Дивизион по розничному бизнесу,12340.44390185005,4686.358039939996,8139.024900800054,8084.985016040054,72749.0,16835.0,9210.07576274137,4682.486693100001,7657.957208750053
2024-11-01,Дивизион информационных технологий,1253.59275356,2066.24130637,-706.1391298699996,-207.8302477099996,72749.0,16835.0,9210.07576274137,2063.271745059999,-809.6789914999996
2024-11-01,Дирекция управления проектами (ДУП),0.0,32.37785078000002,-15.32099134000002,-31.36053553000002,72749.0,16835.0,9210.07576274137,32.37785078000002,-32.37785078000002
2024-11-01,Дирекция телеком-комплектации,0.0,117.16353089,-92.23696669,-112.88780811,72749.0,16835.0,9210.07576274137,117.00383203,-117.00383203
2024-11-01,Корпоративный университет,0.0,142.09765113,-130.57357642,-140.68312707,72749.0,16835.0,9210.07576274137,142.09765113,-142.09765113
2024-11-01,"Обьединение ""Дивизион Сеть""",30.51587736,8321.529231659999,-8125.622121640001,-6053.00926692,72749.0,16835.0,9210.07576274137,8298.66368567,-8268.147808310001
2024-11-01,Сервисная Фабрика,0.0,1980.66836242,-1553.67659158,-1627.15321338,72749.0,16835.0,9210.07576274137,1877.72230681,-1877.72230681
2024-11-01,"Центральный аппарат Акционерного Общества ""Казахтелеком""",0.0,2503.35910834,-494.30186042,-1350.41403313,72749.0,16835.0,9210.07576274137,1351.00318613,-1351.00318613
2024-12-01,Дивизион по корпоративному бизнесу,9414.906812710073,2197.04301749,7788.992019880073,7529.822293810073,60575.0,15460.0,9584.124269183432,2003.1964983,7411.710314410072
2024-12-01,Дивизион по розничному бизнесу,15069.98281909002,4841.170122449999,10830.02143018002,10662.81823480002,60575.0,15460.0,9584.124269183432,4836.99492284,10232.98789625002
2024-12-01,Дивизион информационных технологий,4386.308800289999,3975.557561129999,612.0200358299985,1003.399763909999,60575.0,15460.0,9584.124269183432,3972.17309673,414.1357035599985
2024-12-01,Дирекция управления проектами (ДУП),0.0,40.86264768000002,-17.48383435000001,-39.69983992000001,60575.0,15460.0,9584.124269183432,40.71332192000001,-40.71332192000001
2024-12-01,Дирекция телеком-комплектации,0.0,122.31586649,-86.30937004,-115.75816251,60575.0,15460.0,9584.124269183432,121.11974851,-121.11974851
2024-12-01,Корпоративный университет,0.0,124.3644331,-113.98688802,-122.9534371,60575.0,15460.0,9584.124269183432,124.3644331,-124.3644331
2024-12-01,"Обьединение ""Дивизион Сеть""",31.20851448,8150.511947850001,-7352.09961413,-5792.03661168,60575.0,15460.0,9584.124269183432,8089.849749280002,-8058.6412348
2024-12-01,Сервисная Фабрика,0.0,2323.47543484,-1582.86347121,-1754.86051473,60575.0,15460.0,9584.124269183432,2006.07688113,-2006.07688113
2024-12-01,"Центральный аппарат Акционерного Общества ""Казахтелеком""",0.0,2289.38030651,-495.8510165299999,-1072.71422472,60575.0,15460.0,9584.124269183432,1073.30337672,-1073.30337672
2025-01-01,Дивизион по корпоративному бизнесу,11178.59543014002,6772.844201169999,5198.630597270024,4700.722111989848,84112.0,15904.0,11171.73721970899,7272.259203,3906.336227140024
2025-01-01,Дивизион по розничному бизнесу,14742.59028589004,6207.952149079997,9634.576390740049,9539.744238069958,84112.0,15904.0,11171.73721970899,5778.068730239998,8964.521555650046
2025-01-01,Дивизион информационных технологий,2305.117664350001,2411.768462049999,105.0274706100004,503.5525169799998,84112.0,15904.0,11171.73721970899,2403.16253371,-98.04486935999968
2025-01-01,Дирекция управления проектами (ДУП),0.0,66.16981003999999,-41.53011372,-65.15870804,84112.0,15904.0,11171.73721970899,66.16981003999999,-66.16981003999999
2025-01-01,Дирекция телеком-комплектации,0.0,182.74063312,-123.68194119,-175.68144239,84112.0,15904.0,11171.73721970899,181.11093678,-181.11093678
2025-01-01,Корпоративный университет,0.0,211.70129945,-162.89092567,-210.26903636,84112.0,15904.0,11171.73721970899,211.70129945,-211.70129945
2025-01-01,"Обьединение ""Дивизион Сеть""",28.30533336,9384.785492369998,-8437.7194794,-6538.576821479999,84112.0,15904.0,11171.73721970899,8936.69829702,-8908.39296366
2025-01-01,Сервисная Фабрика,0.0,3366.57062124,-2629.283869399999,-3224.539206039999,84112.0,15904.0,11171.73721970899,3455.657817809999,-3455.657817809999
2025-01-01,"Центральный аппарат Акционерного Общества ""Казахтелеком""",416.101,8789.654649959999,-4035.861708999999,-6552.17424892,84112.0,15904.0,11171.73721970899,7266.49332234,-6850.39232234
2025-02-01,Дивизион по корпоративному бизнесу,11941.70241068001,2710.817530080001,9550.682541920003,9483.739584060038,0.0,17024.0,8294.580665641526,2569.53786581,9372.164544870006
2025-02-01,Дивизион по розничному бизнесу,12354.93041822999,4621.596391360002,7989.233080379991,8021.984879180048,0.0,17024.0,8294.580665641526,4618.35114124,7736.579276989991
2025-02-01,Дивизион информационных технологий,1418.81535609,2243.848604470001,-747.3467511500007,-200.3608455300008,0.0,17024.0,8294.580665641526,2241.484793120001,-822.6694370300007
2025-02-01,Дирекция управления проектами (ДУП),0.0,34.0404497,-15.89161143000001,-33.1170727,0.0,17024.0,8294.580665641526,34.0404497,-34.0404497
2025-02-01,Дирекция телеком-комплектации,0.0,92.83991938,-82.09580065,-87.75227776999999,0.0,17024.0,8294.580665641526,92.83991938,-92.83991938
2025-02-01,Корпоративный университет,0.0,81.59197606999999,-72.92228668999999,-80.59284406999998,0.0,17024.0,8294.580665641526,81.59197606999999,-81.59197606999999
2025-02-01,"Обьединение ""Дивизион Сеть""",301.6670193199999,7443.99564706,-7014.11706928,-4979.49611349,0.0,17024.0,8294.580665641526,7431.47805742,-7129.8110381
2025-02-01,Сервисная Фабрика,0.0,1565.7427254,-1192.08014897,-1295.83269748,0.0,17024.0,8294.580665641526,1538.6673352,-1538.6673352
2025-02-01,"Центральный аппарат Акционерного Общества ""Казахтелеком""",0.0,38312.47548525,-329.12107392,-25910.02952407,0.0,17024.0,8294.580665641526,2372.96973864,-2372.96973864
2025-03-01,Дивизион информационных технологий,2971.8596849892106,2292.3294983366927,-389.41224707868815,2.464902405827104,39839.0,6499.0,9896.90043328689,2332.077241634121,-562.2373557545421
2025-03-01,Дивизион по корпоративному бизнесу,10048.74351843399,2338.146279030598,8021.598391900278,8802.680408966418,40714.0,4775.0,9894.60747059082,3196.770346052852,8177.026130391199
2025-03-01,Дивизион по розничному бизнесу,13554.792635525277,4926.266911673643,9423.992186387612,9673.460910519276,41145.0,8993.0,9894.84802645238,4555.819865360852,9280.17594536763
2025-03-01,Дирекция телеком-комплектации,0.0484106565422146,32.84105576237083,-52.92238613722803,-107.89558725864592,39505.0,7176.0,9894.467424868888,76.86362904589826,-76.53455641823476
2025-03-01,Дирекция управления проектами (ДУП),0.048410656592967,61.172639980598575,-23.03092599748198,-103.7668447523698,39626.0,8303.0,9895.97733429321,66.12837710949164,-68.49658860510631
2025-03-01,Корпоративный университет,0.0484106565468024,-82.87188615946336,-123.66214145126582,-33.80297870673739,39540.0,9405.0,9893.033452395275,-73.91643670370519,82.0555404675149
2025-03-01,"Обьединение ""Дивизион Сеть""",63.732085542655874,7032.962985156537,-6253.62902363198,-4404.754392397985,40575.0,6504.0,9895.639797178746,6826.706628723643,-6587.813623949958
2025-03-01,Сервисная Фабрика,0.0484106565552306,1923.634884650447,-1654.251257664488,-1770.696255406729,39712.0,8763.0,9894.709254283209,2092.927870959197,-2132.495802923536
2025-03-01,"Центральный аппарат Акционерного Общества ""Казахтелеком""",59.839898569660576,5902.718421413792,600.7225157891858,-4884.268929788615,42042.0,10353.0,9896.972419190432,72.62458131480655,-135.542123084881
2025-04-01,Дивизион информационных технологий,3268.5573031136214,2675.163761904151,-685.8689611048123,-239.6489538677857,24740.0,0.0,10096.310780518865,2637.593052951583,-819.2080188842696
2025-04-01,Дивизион по корпоративному бизнесу,9630.873130278538,2992.979776873004,6845.915670897209,8153.761307935682,25430.0,0.0,10085.177698429265,4185.187049920545,7123.826730537149
2025-04-01,Дивизион по розничному бизнесу,14506.626706658812,5904.9761782422,9504.432329704114,10028.182602019882,24948.0,0.0,10084.958631159634,5281.292616351807,9762.646712494676
2025-04-01,Дирекция телеком-комплектации,0.0484106983154134,58.79936004678801,-70.4553444759605,-127.37299511704634,25567.0,0.0,10087.601845968784,97.6277502565525,-97.82242620234712
2025-04-01,Дирекция управления проектами (ДУП),0.0484106983620416,80.28209290568917,-39.26843852466135,-129.36780641847713,24336.0,0.0,10095.264874377846,84.43105853047044,-90.2481414828827
2025-04-01,Корпоративный университет,0.0484106984081869,-97.50976391146584,-133.60130646497464,-21.825534069316085,25326.0,0.0,10082.901401671994,-98.235626579694,107.97429699685414
2025-04-01,"Обьединение ""Дивизион Сеть""",74.47129551239762,7174.461474117313,-6736.528756393783,-4303.262358138455,25048.0,0.0,10092.034009805591,6802.822547794876,-6495.965462821056
2025-04-01,Сервисная Фабрика,0.0484106984596248,2321.5107408872227,-2035.1603202502504,-2121.150209461198,23514.0,0.0,10089.42642039231,2449.436087001633,-2491.3228467368726
2025-04-01,"Центральный аппарат Акционерного Общества ""Казахтелеком""",431.3334503558003,7806.95245736535,-671.1699118722337,-7189.731719124256,24786.0,0.0,10091.326093193236,2062.5731628493186,-1785.8522163698426
2025-05-01,Дивизион информационных технологий,3465.4775559143945,2195.504514554279,-277.0892637170651,136.8004742431865,25127.0,0.0,10204.019788298612,2182.0053993667348,-380.3554287432595
2025-05-01,Дивизион по корпоративному бизнесу,9253.057506352316,2671.959013461448,7469.209551906448,8500.263409704632,26944.0,0.0,10201.54112087403,3436.5625189182606,7799.261244553875
2025-05-01,Дивизион по розничному бизнесу,13899.629992037322,5242.765024680532,9147.858322004708,10222.410552289584,26569.0,0.0,10197.974802921126,4790.156833680867,9828.239089354096
2025-05-01,Дирекция телеком-комплектации,0.0484107418203051,39.66599915929466,-59.80685044887605,-108.35606215144132,25995.0,0.0,10193.825559330497,80.65774942009989,-82.97694042891737
2025-05-01,Дирекция управления проектами (ДУП),0.0484107417824255,102.29880447869206,-51.11073628617398,-144.31497209162305,26258.0,0.0,10202.521755170868,98.86574301026816,-103.20645138789055
2025-05-01,Корпоративный университет,0.0484107418915117,-127.7993956045507,-129.170713432146,3.902814847981027,26421.0,0.0,10194.21582617417,-142.0735450944091,151.54710536045584
2025-05-01,"Обьединение ""Дивизион Сеть""",75.71357338535961,6161.595842029704,-5745.202580863005,-3206.339117259507,26614.0,0.0,10197.705965989711,5636.845882315886,-5298.1829133877945
2025-05-01,Сервисная Фабрика,0.0484107417590682,1980.0219303948209,-1726.1890897571143,-1771.3067462695294,26885.0,0.0,10204.684847286046,2069.936134643236,-2123.28454792911
2025-05-01,"Центральный аппарат Акционерного Общества ""Казахтелеком""",58.707559994400015,5730.848462118675,812.3281021090521,-6831.473951870741,27343.0,0.0,10200.03270259551,647.9210639658965,-621.2088107965604
2025-06-01,Дивизион информационных технологий,3742.643328506942,2276.9049746091578,-229.04045846883324,83.20439824478234,135978.0,107159.0,9490.690162094494,2244.038779745071,-427.0025576780853
2025-06-01,Дивизион по корпоративному бизнесу,9031.19954874678,2443.3675713523767,7627.530343592046,8819.767897000314,137903.0,102530.0,9494.675413105791,3250.3089179188864,8072.069580964703
2025-06-01,Дивизион по розничному бизнесу,14651.597025223971,5552.00876165856,9439.99947030765,10880.993037930812,135806.0,102815.0,9498.08576036971,5051.46390652593,10439.954632681329
2025-06-01,Дирекция телеком-комплектации,0.0484107865950742,31.733400648596053,-61.24579920230804,-96.3764101937899,136680.0,106993.0,9480.625913613345,73.29320963874557,-76.92886829247904
2025-06-01,Дирекция управления проектами (ДУП),0.0484107867038221,99.79336073305146,-48.89523438655331,-137.6126055620525,136989.0,105847.0,9498.659162990283,89.21933117464218,-93.02227841394028
2025-06-01,Корпоративный университет,0.0484107866985273,-144.9169247615477,-134.37251578797964,11.685925305671113,136098.0,108758.0,9483.336448497696,-171.53721898064427,181.0491301134268
2025-06-01,"Обьединение ""Дивизион Сеть""",80.94111667373824,6942.757374308489,-5817.63320691848,-3687.178323104391,135775.0,105633.0,9491.910922049428,6174.823044068686,-5755.576719321222
2025-06-01,Сервисная Фабрика,0.0484107865570457,2064.95726260756,-1688.2826630684167,-1822.589299823432,134943.0,107875.0,9494.70665024008,2083.7518662852326,-2188.7033249430024
2025-06-01,"Центральный аппарат Акционерного Общества ""Казахтелеком""",59.28140813171525,4978.071713848784,1053.7478796748,-7054.8106363292745,135000.0,103151.0,9480.348093593033,227.19863730372023,-120.09139454120488
2025-07-01,Дивизион информационных технологий,4026.8016578729007,2776.8028430772047,-653.005565206026,-373.5745529190705,14966.0,0.0,10551.877777509311,2694.362548649887,-889.7874328873901
2025-07-01,Дивизион по корпоративному бизнесу,8598.131260698663,5174.931115624911,6719.303223103486,6329.681674149952,13643.0,0.0,10558.409197547477,4403.284553050631,6845.349353646024
2025-07-01,Дивизион по розничному бизнесу,14502.19883349074,6371.60668830162,8832.941223543194,9953.696937974031,14200.0,0.0,10548.3735405636,5621.020081788744,9689.416327897874
2025-07-01,Дирекция телеком-комплектации,0.0484108327671826,59.40617531887938,-70.14935307786149,-123.25758147590668,13067.0,0.0,10545.517456614563,101.71369618693755,-109.39160200260682
2025-07-01,Дирекция управления проектами (ДУП),0.0484108327878263,95.6264890989506,-45.37469829648417,-135.41773902373876,15881.0,0.0,10582.86855818353,84.5316796642,-88.77879889709901
2025-07-01,Корпоративный университет,0.048410832720411,-149.18597170387136,-143.5531684119049,-0.4517285456123829,15939.0,0.0,10553.29309835706,-196.62391044639884,199.73747948222464
2025-07-01,"Обьединение ""Дивизион Сеть""",80.29573523492184,6786.243214764137,-6124.444217821108,-3373.276230235951,15141.0,0.0,10543.047466039585,5927.156164370271,-5448.767022028384
2025-07-01,Сервисная Фабрика,0.0484108327488164,2116.962253549489,-1769.0479513977348,-1900.694885028203,15093.0,0.0,10561.488093005666,2142.5124505580097,-2297.798925300995
2025-07-01,"Центральный аппарат Акционерного Общества ""Казахтелеком""",435.9046867237346,4898.124899242083,635.5341271793417,-7859.566070243596,16220.0,0.0,10555.030087559411,1060.48238638531,-607.9653149025378
2025-08-01,Дивизион информационных технологий,4327.553509025765,3021.77131954528,-818.3141953459975,-479.366530047807,20927.0,0.0,10687.276316427087,2840.89653704589,-986.8038120147756
2025-08-01,Дивизион по корпоративному бизнесу,8129.432191702326,3051.959923762566,6838.363332709988,8218.269507202509,19362.0,0.0,10668.82844934183,3708.8501298779634,7441.760278435207
2025-08-01,Дивизион по розничному бизнесу,15030.284777990562,5765.4603356999305,9704.330833191816,11095.374450721229,19843.0,0.0,10664.10575776799,5182.776504854075,10608.913655114484
2025-08-01,Дирекция телеком-комплектации,0.0484108796320682,77.80209907074448,-85.6266244202038,-135.8424864370802,19677.0,0.0,10655.47165275781,117.97000808778364,-127.017860435298
2025-08-01,Дирекция управления проектами (ДУП),0.0484108800798727,111.11884790157842,-53.82122000193065,-146.27089313549374,18968.0,0.0,10714.584016828094,96.90236693468094,-100.64326114104792
2025-08-01,Корпоративный университет,0.0484108798592649,-111.49250302321606,-165.26215672761123,-20.39319856650085,19754.0,0.0,10678.827281082684,-179.77683933614924,189.3576690613274
2025-08-01,"Обьединение ""Дивизион Сеть""",81.04282448615879,6228.172663463225,-5396.898022010203,-2526.665453198472,20062.0,0.0,10651.829764171363,5149.040863298585,-4649.799134920514
2025-08-01,Сервисная Фабрика,0.0484108795713098,2140.291208575724,-1723.0088038128588,-1831.638972473765,20660.0,0.0,10685.827792915752,2085.557490641037,-2251.4809043313808
2025-08-01,"Центральный аппарат Акционерного Общества ""Казахтелеком""",59.15486353765094,4461.524844448194,1151.4089800697557,-8014.961465819083,19526.0,0.0,10678.838972398647,282.83517687614204,-140.36832462916502
2025-09-01,Дивизион информационных технологий,4537.708905172107,2554.451859867293,-473.0889724929216,-151.61668908685203,95949.0,40376.0,10430.66181592881,2475.02886140238,-646.6512537244721
2025-09-01,Дивизион по корпоративному бизнесу,8515.915039422292,2901.7048083561426,7710.392668676538,9128.000396931147,97945.0,43167.0,10391.348161960252,3494.643925599251,8349.382136542252
2025-09-01,Дивизион по розничному бизнесу,15042.314291611185,5607.12561599184,9858.671365327466,11319.713590551542,94665.0,40409.0,10394.548066313231,4997.96152654612,10814.284265776949
2025-09-01,Дирекция телеком-комплектации,0.0484109279923968,55.96943363269567,-74.30025799209577,-114.98574365613078,95588.0,43221.0,10379.29986722267,99.1452939111458,-110.67294540426208
2025-09-01,Дирекция управления проектами (ДУП),0.0484109281370265,93.35130002966572,-32.86478666704764,-125.12515267659414,95905.0,40023.0,10459.622036524232,71.7268376231269,-78.33808465941294
2025-09-01,Корпоративный университет,0.0484109281533427,-146.15821034318992,-139.11931299209004,11.22562866348354,95829.0,38769.0,10413.66190922077,-224.10009518094745,234.16084548063927
2025-09-01,"Обьединение ""Дивизион Сеть""",80.89155601572256,6133.955999805599,-4654.465450459735,-2194.23246822388,94603.0,40129.0,10359.021874970998,4843.3092207917,-4342.8903549954775
2025-09-01,Сервисная Фабрика,0.0484109278665929,2248.551901708402,-1751.5002524331337,-1899.8767106129817,96119.0,42729.0,10394.404940619726,2143.196631165115,-2341.456824532252
2025-09-01,"Центральный аппарат Акционерного Общества ""Казахтелеком""",65.0876201318747,2183.388426614906,1222.608828264214,-7939.563466066746,94948.0,40779.0,10407.382108196747,-39.356489926342704,168.5762348123894
2025-10-01,Дивизион информационных технологий,4685.124872116452,2791.789478075221,-829.5021799871263,-361.28149890506745,33495.0,3169.0,10868.082819819743,2691.928750478988,-830.3147141460191
2025-10-01,Дивизион по корпоративному бизнесу,7893.856202406709,2169.7391126029534,7481.327505205619,9332.734234373873,32847.0,2753.0,10809.80647116891,3258.921847667868,8146.951834501556
2025-10-01,Дивизион по розничному бизнесу,15039.938364672436,6351.132214829447,9572.784615645442,10743.194105001145,34260.0,2545.0,10819.596781633863,5485.532532515632,10350.547220659308
2025-10-01,Дирекция телеком-комплектации,0.0484109767292015,70.19026604799323,-76.43099414399316,-126.19003312139566,34028.0,1532.0,10800.12983517398,113.04972933798037,-125.0647859888667
2025-10-01,Дирекция управления проектами (ДУП),0.0484109771393716,255.27482645187465,-13.040456356455548,-264.6834870456668,34199.0,3432.0,10894.692173674352,220.33049981138475,-218.2608485467605
2025-10-01,Корпоративный университет,0.0484109773222145,-132.06005760707188,-147.21228161725605,1.029388595799993,35441.0,3689.0,10830.959735258755,-224.3401891135291,235.53555179515865
2025-10-01,"Обьединение ""Дивизион Сеть""",78.85784448095191,5965.170632045018,-5018.984900273407,-1714.900413991041,35985.0,3436.0,10778.901081169131,4511.968134400885,-4028.2020808578345
2025-10-01,Сервисная Фабрика,0.0484109768002287,2448.064905396641,-1896.9068924888084,-1991.751342827661,32779.0,3022.0,10794.634320074403,2253.8678455198965,-2459.0702238592094
2025-10-01,"Центральный аппарат Акционерного Общества ""Казахтелеком""",327.3194132428097,3646.280158860808,513.4049214680126,-8714.540103954387,32918.0,1211.0,10840.077023625729,1453.792140506613,-1048.1523838391895
2025-11-01,Дивизион информационных технологий,4763.763250199396,2673.1969060418483,-626.3098931762172,-291.4278561561353,51414.0,1473.0,11017.50985378788,2550.995432861072,-762.784699087015
2025-11-01,Дивизион по корпоративному бизнесу,7941.285175750485,3184.2449578010983,7301.475621420436,8629.374625314977,51110.0,7614.0,10942.886652301497,3751.125298391785,7879.661259672374
2025-11-01,Дивизион по розничному бизнесу,15233.7910607721,5842.728922924594,10015.290775126725,11408.726634796036,50496.0,6418.0,10956.796088295834,5208.489314200856,10840.049156860896
2025-11-01,Дирекция телеком-комплектации,0.0484110264941085,62.77143712930484,-82.7896114734828,-116.88267277777028,51955.0,5775.0,10938.758797392267,104.9533747294249,-117.75957719792086
2025-11-01,Дирекция управления проектами (ДУП),0.0484110270599156,61.21455158931826,-3.183878406381453,-95.43691951738369,52677.0,6046.0,11027.782739891709,39.46956848873821,-45.90887844274724
2025-11-01,Корпоративный университет,0.0484110266999221,-119.49966408001104,-154.79340374238268,-12.475695018497248,51109.0,6464.0,10975.967472329532,-222.0586478947472,238.2744847258208
2025-11-01,"Обьединение ""Дивизион Сеть""",73.9218638467045,5566.875813296123,-4639.210050838328,-1217.105284263259,51216.0,7603.0,10900.542433760358,4083.66573186041,-3645.651811066649
2025-11-01,Сервисная Фабрика,0.0484110259846994,2454.392578921798,-1889.936501233086,-1934.399114521564,52453.0,4859.0,10925.05754987849,2205.5123134622654,-2409.6963908546054
2025-11-01,"Центральный аппарат Акционерного Общества ""Казахтелеком""",56.72831604482192,1197.9212706585631,1327.8957512466554,-8175.916672001332,50970.0,5566.0,10964.65201725455,178.6870688521251,-76.96273555832536
2025-12-01,Дивизион информационных технологий,6926.741491984352,4054.890876728665,219.78531745261984,437.52682100860113,59760.0,25096.0,11374.922541294034,3800.196419996917,9.885540008123726
2025-12-01,Дивизион по корпоративному бизнесу,6047.259479217913,3217.386959064768,6815.080879259895,6763.217721326224,57894.0,26433.0,11304.499852792029,2410.6740821361063,7483.31880298395
2025-12-01,Дивизион по розничному бизнесу,17043.839466083435,5969.723694492988,11664.623109418362,13125.371689739124,59507.0,27308.0,11334.277242854449,5311.657800712792,12535.825016260696
2025-12-01,Дирекция телеком-комплектации,0.0484110767525165,63.91691114149921,-75.9399887940414,-110.58898199127148,59458.0,26374.0,11304.912128157148,102.03058509875623,-114.97687957510465
2025-12-01,Дирекция управления проектами (ДУП),0.0484110774030467,-49.59128948218528,123.2941485651113,26.17946568985508,57836.0,25778.0,11402.007111452607,-68.21901172075012,74.68662844863573
2025-12-01,Корпоративный университет,0.048411076545171,-134.08924887292136,-140.94309236526271,1.9121293969735549,59108.0,26797.0,11334.706038264763,-250.2559445496952,258.3500563578708
2025-12-01,"Обьединение ""Дивизион Сеть""",70.73299640660157,5443.164475939445,-3849.874545385807,-903.7566176775948,57639.0,26354.0,11251.45187395568,3846.1605002486895,-3437.4242110146283
2025-12-01,Сервисная Фабрика,0.0484110761183144,2808.085414718036,-1952.6020962366888,-2085.08675443,58534.0,28909.0,11286.055489339433,2373.3871648710387,-2561.549455682827
2025-12-01,"Центральный аппарат Акционерного Общества ""Казахтелеком""",56.54459264623718,599.9700407504961,1421.4752404538422,-7958.754326023688,59388.0,25964.0,11361.597784267837,-71.11253934654053,138.49182317709048
2026-01-01,Дивизион информационных технологий,5601.656140319736,3521.4489019534058,-698.5699116861371,-514.3281715905475,55278.0,3406.0,12747.074241321916,3313.2167656734314,-900.4925356535956
2026-01-01,Дивизион по корпоративному бизнесу,7147.720565963007,5431.027399887545,4861.225347089079,6266.335509410009,54912.0,7543.0,12626.414665524697,6198.550663592134,4992.507970473556
2026-01-01,Дивизион по розничному бизнесу,17100.616614352908,7254.997118171993,11030.916257017578,12482.343559526613,55155.0,1926.0,12660.193710805404,6221.930526831482,11737.122664090291
2026-01-01,Дирекция телеком-комплектации,0.0484111273595788,160.2216358899045,-132.63182205455377,-197.9597436605457,55772.0,3123.0,12647.35939290673,188.6618861691581,-202.0272183785443
2026-01-01,Дирекция управления проектами (ДУП),0.0484111278481596,114.43334162995497,-27.54026582756488,-136.3079883212066,55696.0,5871.0,12734.008975125096,79.57119220803511,-82.14911428821337
2026-01-01,Корпоративный университет,0.0484111276145569,237.3122970054324,-196.90885777928025,-366.6897836602825,56227.0,5574.0,12665.310850278063,91.48020585402178,-86.15555031952245
2026-01-01,"Обьединение ""Дивизион Сеть""",65.93643153026504,7206.332810625897,-5205.893330764298,-1963.8293204813224,57368.0,5399.0,12579.117469965247,5021.210871807704,-4651.027795987162
2026-01-01,Сервисная Фабрика,0.0484111273851518,4109.767948230634,-3009.566301540005,-3523.5604624561124,54931.0,3894.0,12621.159213536524,3815.196556660325,-3986.00694485781
2026-01-01,"Центральный аппарат Акционерного Общества ""Казахтелеком""",440.019414783144,6656.32489737702,-2704.254315008139,-13951.312546928366,54849.0,4239.0,12726.223528168546,6499.994821675766,-6021.389538556102
2026-02-01,Дивизион информационных технологий,5101.609529438923,2769.545016606241,-603.7470067405294,-270.1458138966585,95450.0,61421.0,10224.701547518838,2595.306309887642,-692.4612789595006
2026-02-01,Дивизион по корпоративному бизнесу,7350.94228043146,2159.8010384406525,7749.720351286403,9446.022243372692,93955.0,62505.0,10094.792674515247,2679.3617674813804,8697.677599971159
2026-02-01,Дивизион по розничному бизнесу,15183.955403789712,5648.581230183964,9967.134016857808,11617.868384542402,95156.0,63925.0,10136.0898198859,4986.455385799245,11044.983268337512
2026-02-01,Дирекция телеком-комплектации,0.0484111789267365,27.87864082202084,-61.020795715388985,-71.79554365216947,95289.0,64851.0,10147.565372333142,66.84137093251985,-80.30775129014405
2026-02-01,Дирекция управления проектами (ДУП),0.0484111797108708,100.54649531165153,-1.1462191262985575,-126.2163674909458,94480.0,63708.0,10219.85943240421,62.08324210991756,-66.77504006046827
2026-02-01,Корпоративный университет,0.0484111788607725,-151.14341541555723,-122.3423164402677,21.914974168729728,92456.0,62889.0,10117.287394208775,-288.72615601608163,298.5694258953673
2026-02-01,"Обьединение ""Дивизион Сеть""",230.4845881618948,4552.088588758197,-3333.757726439124,355.86367376188923,93347.0,64908.0,10059.518913846428,2782.298109147453,-2251.956904411384
2026-02-01,Сервисная Фабрика,0.04841117847376,2170.918536925981,-1589.2060132095662,-1614.7079916371408,94179.0,62237.0,10064.394589716005,1927.142288545364,-2122.854535320296
2026-02-01,"Центральный аппарат Акционерного Общества ""Казахтелеком""",50.78872701018632,22481.90201393884,1653.236390665356,-21832.593552964885,93880.0,64884.0,10198.17405937047,478.9900759241132,-452.7575836426795
